{"0": {"image_path": "data/annotation_images/ti2i_benchmark/wild-ti2i/data/real_karate.jpeg", "original_prompt": "", "editing_prompt": "a photo of a pixar superhero in NYC"}, "1": {"image_path": "data/annotation_images/ti2i_benchmark/wild-ti2i/data/real_karate.jpeg", "original_prompt": "", "editing_prompt": "a photo of a silver robot in the snow"}, "2": {"image_path": "data/annotation_images/ti2i_benchmark/wild-ti2i/data/real_karate.jpeg", "original_prompt": "", "editing_prompt": "a photo of a bronze sculpture in a museum"}, "3": {"image_path": "data/annotation_images/ti2i_benchmark/wild-ti2i/data/horse.jpg", "original_prompt": "", "editing_prompt": "a photo of a bronze horse in a museum"}, "4": {"image_path": "data/annotation_images/ti2i_benchmark/wild-ti2i/data/horse.jpg", "original_prompt": "", "editing_prompt": "a photo of a pink horse in the beach"}, "5": {"image_path": "data/annotation_images/ti2i_benchmark/wild-ti2i/data/horse.jpg", "original_prompt": "", "editing_prompt": "a photo of a robot horse"}, "6": {"image_path": "data/annotation_images/ti2i_benchmark/wild-ti2i/data/meditation.jpg", "original_prompt": "", "editing_prompt": "a photo of a silver robot"}, "7": {"image_path": "data/annotation_images/ti2i_benchmark/wild-ti2i/data/meditation.jpg", "original_prompt": "", "editing_prompt": "a photo of a golden statue in a temple"}, "8": {"image_path": "data/annotation_images/ti2i_benchmark/wild-ti2i/data/meditation.jpg", "original_prompt": "", "editing_prompt": "a photo of a wooden statue"}, "9": {"image_path": "data/annotation_images/ti2i_benchmark/wild-ti2i/data/spiderman.jpg", "original_prompt": "", "editing_prompt": "a photo of a golden robot"}, "10": {"image_path": "data/annotation_images/ti2i_benchmark/wild-ti2i/data/spiderman.jpg", "original_prompt": "", "editing_prompt": "a photo of a wooden statue"}, "11": {"image_path": "data/annotation_images/ti2i_benchmark/wild-ti2i/data/spiderman.jpg", "original_prompt": "", "editing_prompt": "a photo of a sand sculpture"}, "12": {"image_path": "data/annotation_images/ti2i_benchmark/wild-ti2i/data/stones.jpg", "original_prompt": "", "editing_prompt": "a photo of a white wedding cake"}, "13": {"image_path": "data/annotation_images/ti2i_benchmark/wild-ti2i/data/stones.jpg", "original_prompt": "", "editing_prompt": "a photo of a skyscraper"}, "14": {"image_path": "data/annotation_images/ti2i_benchmark/wild-ti2i/data/stones.jpg", "original_prompt": "", "editing_prompt": "a photo of a tower in snow"}, "15": {"image_path": "data/annotation_images/ti2i_benchmark/wild-ti2i/data/bear_doll.jpg", "original_prompt": "", "editing_prompt": "a photo of a silver robot walking on the moon"}, "16": {"image_path": "data/annotation_images/ti2i_benchmark/wild-ti2i/data/bear_doll.jpg", "original_prompt": "", "editing_prompt": "an image of Winnie the Pooh"}, "17": {"image_path": "data/annotation_images/ti2i_benchmark/wild-ti2i/data/bear_doll.jpg", "original_prompt": "", "editing_prompt": "a photo of a bear cub wearing a red t-shirt"}, "18": {"image_path": "data/annotation_images/ti2i_benchmark/wild-ti2i/data/real_pisa.jpg", "original_prompt": "", "editing_prompt": "a photo of a wedding cake"}, "19": {"image_path": "data/annotation_images/ti2i_benchmark/wild-ti2i/data/real_pisa.jpg", "original_prompt": "", "editing_prompt": "a photo of the Eiffel tower"}, "20": {"image_path": "data/annotation_images/ti2i_benchmark/wild-ti2i/data/real_pisa.jpg", "original_prompt": "", "editing_prompt": "a photo of a tree"}, "21": {"image_path": "data/annotation_images/ti2i_benchmark/wild-ti2i/data/mountain_trees_lake.jpg", "original_prompt": "", "editing_prompt": "a photo of a snowy mountain above an ice field"}, "22": {"image_path": "data/annotation_images/ti2i_benchmark/wild-ti2i/data/mountain_trees_lake.jpg", "original_prompt": "", "editing_prompt": "a photo of a volcano above lava"}, "23": {"image_path": "data/annotation_images/ti2i_benchmark/wild-ti2i/data/mountain_trees_lake.jpg", "original_prompt": "", "editing_prompt": "a photo of a pyramid in desert"}, "24": {"image_path": "data/annotation_images/ti2i_benchmark/wild-ti2i/data/dancing.jpeg", "original_prompt": "", "editing_prompt": "a photo of robots dancing"}, "25": {"image_path": "data/annotation_images/ti2i_benchmark/wild-ti2i/data/dancing.jpeg", "original_prompt": "", "editing_prompt": "a cartoon of a couple dancing"}, "26": {"image_path": "data/annotation_images/ti2i_benchmark/wild-ti2i/data/dancing.jpeg", "original_prompt": "", "editing_prompt": "a photo of a wooden sculpture of a couple dancing"}, "27": {"image_path": "data/annotation_images/ti2i_benchmark/wild-ti2i/data/bear.jpeg", "original_prompt": "", "editing_prompt": "an image of Paddington the bear"}, "28": {"image_path": "data/annotation_images/ti2i_benchmark/wild-ti2i/data/bear.jpeg", "original_prompt": "", "editing_prompt": "an image of Kung Fu Panda"}, "29": {"image_path": "data/annotation_images/ti2i_benchmark/wild-ti2i/data/bear.jpeg", "original_prompt": "", "editing_prompt": "an image of Winnie the Pooh"}, "30": {"image_path": "data/annotation_images/ti2i_benchmark/wild-ti2i/data/mouse_cartoon.jpeg", "original_prompt": "", "editing_prompt": "a photorealistic image of a dog sitting on grass"}, "31": {"image_path": "data/annotation_images/ti2i_benchmark/wild-ti2i/data/mouse_cartoon.jpeg", "original_prompt": "", "editing_prompt": "a photorealistic image of a cat sitting on snow"}, "32": {"image_path": "data/annotation_images/ti2i_benchmark/wild-ti2i/data/mouse_cartoon.jpeg", "original_prompt": "", "editing_prompt": "a photo of a red robot"}, "33": {"image_path": "data/annotation_images/ti2i_benchmark/wild-ti2i/data/bird_painting.jpg", "original_prompt": "", "editing_prompt": "a photo of a hummingbird in a forest"}, "34": {"image_path": "data/annotation_images/ti2i_benchmark/wild-ti2i/data/bird_painting.jpg", "original_prompt": "", "editing_prompt": "a photo of an eagle in the sky"}, "35": {"image_path": "data/annotation_images/ti2i_benchmark/wild-ti2i/data/bird_painting.jpg", "original_prompt": "", "editing_prompt": "a photo of a sparrow"}, "36": {"image_path": "data/annotation_images/ti2i_benchmark/wild-ti2i/data/panda_painting.jpg", "original_prompt": "", "editing_prompt": "a photorealistic image of a panda"}, "37": {"image_path": "data/annotation_images/ti2i_benchmark/wild-ti2i/data/panda_painting.jpg", "original_prompt": "", "editing_prompt": "a photorealistic image of a grizzly bear"}, "38": {"image_path": "data/annotation_images/ti2i_benchmark/wild-ti2i/data/panda_painting.jpg", "original_prompt": "", "editing_prompt": "a photo of a flurry plush panda toy"}, "39": {"image_path": "data/annotation_images/ti2i_benchmark/wild-ti2i/data/panda_painting.jpg", "original_prompt": "", "editing_prompt": "a photorealistic image of a polar bear in the desert"}, "40": {"image_path": "data/annotation_images/ti2i_benchmark/wild-ti2i/data/horse_painting.jpg", "original_prompt": "", "editing_prompt": "a photorealistic image of a horse"}, "41": {"image_path": "data/annotation_images/ti2i_benchmark/wild-ti2i/data/horse_painting.jpg", "original_prompt": "", "editing_prompt": "a photorealistic image of a zebra"}, "42": {"image_path": "data/annotation_images/ti2i_benchmark/wild-ti2i/data/horse_painting.jpg", "original_prompt": "", "editing_prompt": "a photorealistic image of a wooden horse"}, "43": {"image_path": "data/annotation_images/ti2i_benchmark/wild-ti2i/data/polygon_mountain.jpeg", "original_prompt": "", "editing_prompt": "a photorealistic image of a snowy mountain"}, "44": {"image_path": "data/annotation_images/ti2i_benchmark/wild-ti2i/data/polygon_mountain.jpeg", "original_prompt": "", "editing_prompt": "a photorealistic image of a mountain full of trees"}, "45": {"image_path": "data/annotation_images/ti2i_benchmark/wild-ti2i/data/polygon_mountain.jpeg", "original_prompt": "", "editing_prompt": "an oil painting of a mountain near a lake"}, "46": {"image_path": "data/annotation_images/ti2i_benchmark/wild-ti2i/data/cat_bunny_painting.jpeg", "original_prompt": "", "editing_prompt": "a photorealistic image of a cat and a bunny"}, "47": {"image_path": "data/annotation_images/ti2i_benchmark/wild-ti2i/data/cat_bunny_painting.jpeg", "original_prompt": "", "editing_prompt": "a photorealistic image of bear cubs in the snow"}, "48": {"image_path": "data/annotation_images/ti2i_benchmark/wild-ti2i/data/cat_bunny_painting.jpeg", "original_prompt": "", "editing_prompt": "a polygonal illustration of a cat and a bunny"}, "49": {"image_path": "data/annotation_images/ti2i_benchmark/wild-ti2i/data/landscape_illustration.jpg", "original_prompt": "", "editing_prompt": "a photorealistic image of a snowy mountain"}, "50": {"image_path": "data/annotation_images/ti2i_benchmark/wild-ti2i/data/landscape_illustration.jpg", "original_prompt": "", "editing_prompt": "a photorealistic image of a mountain full of trees"}, "51": {"image_path": "data/annotation_images/ti2i_benchmark/wild-ti2i/data/landscape_illustration.jpg", "original_prompt": "", "editing_prompt": "a polygonal illustration of a mountain"}, "52": {"image_path": "data/annotation_images/ti2i_benchmark/wild-ti2i/data/dog_face.jpg", "original_prompt": "", "editing_prompt": "a photo of a dalmatian dog"}, "53": {"image_path": "data/annotation_images/ti2i_benchmark/wild-ti2i/data/dog_face.jpg", "original_prompt": "", "editing_prompt": "a photo of a polar bear"}, "54": {"image_path": "data/annotation_images/ti2i_benchmark/wild-ti2i/data/dog_face.jpg", "original_prompt": "", "editing_prompt": "a photo of a black panther"}, "55": {"image_path": "data/annotation_images/ti2i_benchmark/wild-ti2i/data/dog_face.jpg", "original_prompt": "", "editing_prompt": "an embroidery of a dog"}, "56": {"image_path": "data/annotation_images/ti2i_benchmark/wild-ti2i/data/bear_sketch.jpeg", "original_prompt": "", "editing_prompt": "a photorealistic image of a crochet bear"}, "57": {"image_path": "data/annotation_images/ti2i_benchmark/wild-ti2i/data/bear_sketch.jpeg", "original_prompt": "", "editing_prompt": "a photorealistic image of a grizzly bear"}, "58": {"image_path": "data/annotation_images/ti2i_benchmark/wild-ti2i/data/bear_sketch.jpeg", "original_prompt": "", "editing_prompt": "a photorealistic image of a wooden bear"}, "59": {"image_path": "data/annotation_images/ti2i_benchmark/wild-ti2i/data/bird_branch_sil.jpg", "original_prompt": "", "editing_prompt": "a photo of a hummingbird in a forest"}, "60": {"image_path": "data/annotation_images/ti2i_benchmark/wild-ti2i/data/bird_branch_sil.jpg", "original_prompt": "", "editing_prompt": "a photo of an eagle"}, "61": {"image_path": "data/annotation_images/ti2i_benchmark/wild-ti2i/data/bird_branch_sil.jpg", "original_prompt": "", "editing_prompt": "a photo of a sparrow"}, "62": {"image_path": "data/annotation_images/ti2i_benchmark/wild-ti2i/data/car_sil.jpg", "original_prompt": "", "editing_prompt": "a photorealistic image of a red car in NYC"}, "63": {"image_path": "data/annotation_images/ti2i_benchmark/wild-ti2i/data/car_sil.jpg", "original_prompt": "", "editing_prompt": "a photorealistic image of a wooden car on the grass"}, "64": {"image_path": "data/annotation_images/ti2i_benchmark/wild-ti2i/data/car_sil.jpg", "original_prompt": "", "editing_prompt": "a photorealistic image of a golden car in the museum"}, "65": {"image_path": "data/annotation_images/ti2i_benchmark/wild-ti2i/data/bird_lake_sil.jpeg", "original_prompt": "", "editing_prompt": "a photorealistic image of a bird near a lake during sunset"}, "66": {"image_path": "data/annotation_images/ti2i_benchmark/wild-ti2i/data/bird_lake_sil.jpeg", "original_prompt": "", "editing_prompt": "a photorealistic image of a bird near a lake at night"}, "67": {"image_path": "data/annotation_images/ti2i_benchmark/wild-ti2i/data/bird_lake_sil.jpeg", "original_prompt": "", "editing_prompt": "a photorealistic image of a pavo near a lake"}, "68": {"image_path": "data/annotation_images/ti2i_benchmark/wild-ti2i/data/animals_sil.jpeg", "original_prompt": "", "editing_prompt": "a photorealistic image of deer and birds near a lake and a tree"}, "69": {"image_path": "data/annotation_images/ti2i_benchmark/wild-ti2i/data/airplane_sil.jpg", "original_prompt": "", "editing_prompt": "a photorealistic image of a white airplane in the sky"}, "70": {"image_path": "data/annotation_images/ti2i_benchmark/wild-ti2i/data/airplane_sil.jpg", "original_prompt": "", "editing_prompt": "a photorealistic image of a golden airplane in the museum"}, "71": {"image_path": "data/annotation_images/ti2i_benchmark/wild-ti2i/data/airplane_sil.jpg", "original_prompt": "", "editing_prompt": "a photorealistic image of an airplane toy"}, "72": {"image_path": "data/annotation_images/ti2i_benchmark/wild-ti2i/data/kickboxing_sil.jpg", "original_prompt": "", "editing_prompt": "a photorealistic image of two robots kickboxing"}, "73": {"image_path": "data/annotation_images/ti2i_benchmark/wild-ti2i/data/kickboxing_sil.jpg", "original_prompt": "", "editing_prompt": "a photorealistic image of a wooden sculpture"}, "74": {"image_path": "data/annotation_images/ti2i_benchmark/wild-ti2i/data/kickboxing_sil.jpg", "original_prompt": "", "editing_prompt": "a photorealistic image of an ice sculpture"}, "75": {"image_path": "data/annotation_images/ti2i_benchmark/wild-ti2i/data/mountains_minimal.jpeg", "original_prompt": "", "editing_prompt": "a photorealistic image of mountains during sunset"}, "76": {"image_path": "data/annotation_images/ti2i_benchmark/wild-ti2i/data/mountains_minimal.jpeg", "original_prompt": "", "editing_prompt": "a photorealistic image of an ocean during sunset"}, "77": {"image_path": "data/annotation_images/ti2i_benchmark/wild-ti2i/data/mountains_minimal.jpeg", "original_prompt": "", "editing_prompt": "a photorealistic image of a desert during sunset"}, "78": {"image_path": "data/annotation_images/ti2i_benchmark/imagenetr-ti2i/penguin/sketch_8.jpg", "original_prompt": "", "editing_prompt": "a video-game of a penguin"}, "79": {"image_path": "data/annotation_images/ti2i_benchmark/imagenetr-ti2i/penguin/sketch_8.jpg", "original_prompt": "", "editing_prompt": "a pattern of a penguin"}, "80": {"image_path": "data/annotation_images/ti2i_benchmark/imagenetr-ti2i/penguin/sketch_8.jpg", "original_prompt": "", "editing_prompt": "a toy of a penguin"}, "81": {"image_path": "data/annotation_images/ti2i_benchmark/imagenetr-ti2i/penguin/sketch_8.jpg", "original_prompt": "", "editing_prompt": "a sculpture of a swan"}, "82": {"image_path": "data/annotation_images/ti2i_benchmark/imagenetr-ti2i/penguin/sketch_8.jpg", "original_prompt": "", "editing_prompt": "a photo of a hummingbird"}, "83": {"image_path": "data/annotation_images/ti2i_benchmark/imagenetr-ti2i/penguin/art_5.jpg", "original_prompt": "", "editing_prompt": "an embroidery of a penguin"}, "84": {"image_path": "data/annotation_images/ti2i_benchmark/imagenetr-ti2i/penguin/art_5.jpg", "original_prompt": "", "editing_prompt": "a video-game of a penguin"}, "85": {"image_path": "data/annotation_images/ti2i_benchmark/imagenetr-ti2i/penguin/art_5.jpg", "original_prompt": "", "editing_prompt": "a tattoo of a penguin"}, "86": {"image_path": "data/annotation_images/ti2i_benchmark/imagenetr-ti2i/penguin/art_5.jpg", "original_prompt": "", "editing_prompt": "a photo of a bustard"}, "87": {"image_path": "data/annotation_images/ti2i_benchmark/imagenetr-ti2i/penguin/art_5.jpg", "original_prompt": "", "editing_prompt": "a pattern of a crane"}, "88": {"image_path": "data/annotation_images/ti2i_benchmark/imagenetr-ti2i/penguin/painting_6.jpg", "original_prompt": "", "editing_prompt": "a toy of a penguin"}, "89": {"image_path": "data/annotation_images/ti2i_benchmark/imagenetr-ti2i/penguin/painting_6.jpg", "original_prompt": "", "editing_prompt": "a sculpture of a penguin"}, "90": {"image_path": "data/annotation_images/ti2i_benchmark/imagenetr-ti2i/penguin/painting_6.jpg", "original_prompt": "", "editing_prompt": "a tattoo of a penguin"}, "91": {"image_path": "data/annotation_images/ti2i_benchmark/imagenetr-ti2i/penguin/painting_6.jpg", "original_prompt": "", "editing_prompt": "a video-game of a egret"}, "92": {"image_path": "data/annotation_images/ti2i_benchmark/imagenetr-ti2i/penguin/painting_6.jpg", "original_prompt": "", "editing_prompt": "a graffiti of a crane"}, "93": {"image_path": "data/annotation_images/ti2i_benchmark/imagenetr-ti2i/husky/sketch_20.jpg", "original_prompt": "", "editing_prompt": "a pattern of a husky"}, "94": {"image_path": "data/annotation_images/ti2i_benchmark/imagenetr-ti2i/husky/sketch_20.jpg", "original_prompt": "", "editing_prompt": "a tattoo of a husky"}, "95": {"image_path": "data/annotation_images/ti2i_benchmark/imagenetr-ti2i/husky/sketch_20.jpg", "original_prompt": "", "editing_prompt": "a toy of a husky"}, "96": {"image_path": "data/annotation_images/ti2i_benchmark/imagenetr-ti2i/husky/sketch_20.jpg", "original_prompt": "", "editing_prompt": "a graffiti of a poodle"}, "97": {"image_path": "data/annotation_images/ti2i_benchmark/imagenetr-ti2i/husky/sketch_20.jpg", "original_prompt": "", "editing_prompt": "an embroidery of a cat"}, "98": {"image_path": "data/annotation_images/ti2i_benchmark/imagenetr-ti2i/husky/art_5.jpg", "original_prompt": "", "editing_prompt": "a sculpture of a husky"}, "99": {"image_path": "data/annotation_images/ti2i_benchmark/imagenetr-ti2i/husky/art_5.jpg", "original_prompt": "", "editing_prompt": "a pattern of a husky"}, "100": {"image_path": "data/annotation_images/ti2i_benchmark/imagenetr-ti2i/husky/art_5.jpg", "original_prompt": "", "editing_prompt": "a graffiti of a husky"}, "101": {"image_path": "data/annotation_images/ti2i_benchmark/imagenetr-ti2i/husky/art_5.jpg", "original_prompt": "", "editing_prompt": "a video-game of a bear"}, "102": {"image_path": "data/annotation_images/ti2i_benchmark/imagenetr-ti2i/husky/art_5.jpg", "original_prompt": "", "editing_prompt": "an origami of a tiger"}, "103": {"image_path": "data/annotation_images/ti2i_benchmark/imagenetr-ti2i/husky/toy_1.jpg", "original_prompt": "", "editing_prompt": "a pattern of a husky"}, "104": {"image_path": "data/annotation_images/ti2i_benchmark/imagenetr-ti2i/husky/toy_1.jpg", "original_prompt": "", "editing_prompt": "a painting of a husky"}, "105": {"image_path": "data/annotation_images/ti2i_benchmark/imagenetr-ti2i/husky/toy_1.jpg", "original_prompt": "", "editing_prompt": "a sculpture of a husky"}, "106": {"image_path": "data/annotation_images/ti2i_benchmark/imagenetr-ti2i/husky/toy_1.jpg", "original_prompt": "", "editing_prompt": "a photo of a tiger"}, "107": {"image_path": "data/annotation_images/ti2i_benchmark/imagenetr-ti2i/husky/toy_1.jpg", "original_prompt": "", "editing_prompt": "an embroidery of a beagle"}, "108": {"image_path": "data/annotation_images/ti2i_benchmark/imagenetr-ti2i/goldfish/cartoon_25.jpg", "original_prompt": "", "editing_prompt": "a graffiti of a goldfish"}, "109": {"image_path": "data/annotation_images/ti2i_benchmark/imagenetr-ti2i/goldfish/cartoon_25.jpg", "original_prompt": "", "editing_prompt": "an origami of a goldfish"}, "110": {"image_path": "data/annotation_images/ti2i_benchmark/imagenetr-ti2i/goldfish/cartoon_25.jpg", "original_prompt": "", "editing_prompt": "a photo of a goldfish"}, "111": {"image_path": "data/annotation_images/ti2i_benchmark/imagenetr-ti2i/goldfish/cartoon_25.jpg", "original_prompt": "", "editing_prompt": "a tattoo of a parrotfish"}, "112": {"image_path": "data/annotation_images/ti2i_benchmark/imagenetr-ti2i/goldfish/cartoon_25.jpg", "original_prompt": "", "editing_prompt": "an embroidery of a tuna"}, "113": {"image_path": "data/annotation_images/ti2i_benchmark/imagenetr-ti2i/goldfish/origami_1.jpg", "original_prompt": "", "editing_prompt": "an image of a goldfish"}, "114": {"image_path": "data/annotation_images/ti2i_benchmark/imagenetr-ti2i/goldfish/origami_1.jpg", "original_prompt": "", "editing_prompt": "a tattoo of a goldfish"}, "115": {"image_path": "data/annotation_images/ti2i_benchmark/imagenetr-ti2i/goldfish/origami_1.jpg", "original_prompt": "", "editing_prompt": "a painting of a goldfish"}, "116": {"image_path": "data/annotation_images/ti2i_benchmark/imagenetr-ti2i/goldfish/origami_1.jpg", "original_prompt": "", "editing_prompt": "a graphic of a eel"}, "117": {"image_path": "data/annotation_images/ti2i_benchmark/imagenetr-ti2i/goldfish/origami_1.jpg", "original_prompt": "", "editing_prompt": "a video-game of a tuna"}, "118": {"image_path": "data/annotation_images/ti2i_benchmark/imagenetr-ti2i/goldfish/painting_27.jpg", "original_prompt": "", "editing_prompt": "an embroidery of a goldfish"}, "119": {"image_path": "data/annotation_images/ti2i_benchmark/imagenetr-ti2i/goldfish/painting_27.jpg", "original_prompt": "", "editing_prompt": "an image of a goldfish"}, "120": {"image_path": "data/annotation_images/ti2i_benchmark/imagenetr-ti2i/goldfish/painting_27.jpg", "original_prompt": "", "editing_prompt": "a tattoo of a goldfish"}, "121": {"image_path": "data/annotation_images/ti2i_benchmark/imagenetr-ti2i/goldfish/painting_27.jpg", "original_prompt": "", "editing_prompt": "a toy of a tuna"}, "122": {"image_path": "data/annotation_images/ti2i_benchmark/imagenetr-ti2i/goldfish/painting_27.jpg", "original_prompt": "", "editing_prompt": "a video-game of a shark"}, "123": {"image_path": "data/annotation_images/ti2i_benchmark/imagenetr-ti2i/cat/sketch_20.jpg", "original_prompt": "", "editing_prompt": "a toy of a cat"}, "124": {"image_path": "data/annotation_images/ti2i_benchmark/imagenetr-ti2i/cat/sketch_20.jpg", "original_prompt": "", "editing_prompt": "an image of a cat"}, "125": {"image_path": "data/annotation_images/ti2i_benchmark/imagenetr-ti2i/cat/sketch_20.jpg", "original_prompt": "", "editing_prompt": "a sculpture of a cat"}, "126": {"image_path": "data/annotation_images/ti2i_benchmark/imagenetr-ti2i/cat/sketch_20.jpg", "original_prompt": "", "editing_prompt": "a tattoo of a lion"}, "127": {"image_path": "data/annotation_images/ti2i_benchmark/imagenetr-ti2i/cat/sketch_20.jpg", "original_prompt": "", "editing_prompt": "an origami of a bear"}, "128": {"image_path": "data/annotation_images/ti2i_benchmark/imagenetr-ti2i/cat/sculpture_5.jpg", "original_prompt": "", "editing_prompt": "a pattern of a cat"}, "129": {"image_path": "data/annotation_images/ti2i_benchmark/imagenetr-ti2i/cat/sculpture_5.jpg", "original_prompt": "", "editing_prompt": "a graffiti of a cat"}, "130": {"image_path": "data/annotation_images/ti2i_benchmark/imagenetr-ti2i/cat/sculpture_5.jpg", "original_prompt": "", "editing_prompt": "a toy of a cat"}, "131": {"image_path": "data/annotation_images/ti2i_benchmark/imagenetr-ti2i/cat/sculpture_5.jpg", "original_prompt": "", "editing_prompt": "an origami of a poodle"}, "132": {"image_path": "data/annotation_images/ti2i_benchmark/imagenetr-ti2i/cat/sculpture_5.jpg", "original_prompt": "", "editing_prompt": "an embroidery of a bear"}, "133": {"image_path": "data/annotation_images/ti2i_benchmark/imagenetr-ti2i/cat/cartoon_0.jpg", "original_prompt": "", "editing_prompt": "a sculpture of a cat"}, "134": {"image_path": "data/annotation_images/ti2i_benchmark/imagenetr-ti2i/cat/cartoon_0.jpg", "original_prompt": "", "editing_prompt": "a graffiti of a cat"}, "135": {"image_path": "data/annotation_images/ti2i_benchmark/imagenetr-ti2i/cat/cartoon_0.jpg", "original_prompt": "", "editing_prompt": "an embroidery of a cat"}, "136": {"image_path": "data/annotation_images/ti2i_benchmark/imagenetr-ti2i/cat/cartoon_0.jpg", "original_prompt": "", "editing_prompt": "an image of a bear"}, "137": {"image_path": "data/annotation_images/ti2i_benchmark/imagenetr-ti2i/cat/cartoon_0.jpg", "original_prompt": "", "editing_prompt": "an origami of a dog"}, "138": {"image_path": "data/annotation_images/ti2i_benchmark/imagenetr-ti2i/jeep/sculpture_0.jpg", "original_prompt": "", "editing_prompt": "a graffiti of a jeep"}, "139": {"image_path": "data/annotation_images/ti2i_benchmark/imagenetr-ti2i/jeep/sculpture_0.jpg", "original_prompt": "", "editing_prompt": "an image of a jeep"}, "140": {"image_path": "data/annotation_images/ti2i_benchmark/imagenetr-ti2i/jeep/sculpture_0.jpg", "original_prompt": "", "editing_prompt": "a tattoo of a jeep"}, "141": {"image_path": "data/annotation_images/ti2i_benchmark/imagenetr-ti2i/jeep/sculpture_0.jpg", "original_prompt": "", "editing_prompt": "a cartoon of a pickup"}, "142": {"image_path": "data/annotation_images/ti2i_benchmark/imagenetr-ti2i/jeep/sculpture_0.jpg", "original_prompt": "", "editing_prompt": "a deviantart of a tractor"}, "143": {"image_path": "data/annotation_images/ti2i_benchmark/imagenetr-ti2i/jeep/painting_2.jpg", "original_prompt": "", "editing_prompt": "a graffiti of a jeep"}, "144": {"image_path": "data/annotation_images/ti2i_benchmark/imagenetr-ti2i/jeep/painting_2.jpg", "original_prompt": "", "editing_prompt": "a photo of a jeep"}, "145": {"image_path": "data/annotation_images/ti2i_benchmark/imagenetr-ti2i/jeep/painting_2.jpg", "original_prompt": "", "editing_prompt": "a tattoo of a jeep"}, "146": {"image_path": "data/annotation_images/ti2i_benchmark/imagenetr-ti2i/jeep/painting_2.jpg", "original_prompt": "", "editing_prompt": "a pattern of a tractor"}, "147": {"image_path": "data/annotation_images/ti2i_benchmark/imagenetr-ti2i/jeep/painting_2.jpg", "original_prompt": "", "editing_prompt": "a sculpture of a ambulance"}, "148": {"image_path": "data/annotation_images/ti2i_benchmark/imagenetr-ti2i/jeep/toy_18.jpg", "original_prompt": "", "editing_prompt": "a pattern of a jeep"}, "149": {"image_path": "data/annotation_images/ti2i_benchmark/imagenetr-ti2i/jeep/toy_18.jpg", "original_prompt": "", "editing_prompt": "a cartoon of a jeep"}, "150": {"image_path": "data/annotation_images/ti2i_benchmark/imagenetr-ti2i/jeep/toy_18.jpg", "original_prompt": "", "editing_prompt": "a tattoo of a jeep"}, "151": {"image_path": "data/annotation_images/ti2i_benchmark/imagenetr-ti2i/jeep/toy_18.jpg", "original_prompt": "", "editing_prompt": "an embroidery of a minivan"}, "152": {"image_path": "data/annotation_images/ti2i_benchmark/imagenetr-ti2i/jeep/toy_18.jpg", "original_prompt": "", "editing_prompt": "a sculpture of a ambulance"}, "153": {"image_path": "data/annotation_images/ti2i_benchmark/imagenetr-ti2i/castle/cartoon_17.jpg", "original_prompt": "", "editing_prompt": "an image of a castle"}, "154": {"image_path": "data/annotation_images/ti2i_benchmark/imagenetr-ti2i/castle/cartoon_17.jpg", "original_prompt": "", "editing_prompt": "a sculpture of a castle"}, "155": {"image_path": "data/annotation_images/ti2i_benchmark/imagenetr-ti2i/castle/cartoon_17.jpg", "original_prompt": "", "editing_prompt": "a tattoo of a castle"}, "156": {"image_path": "data/annotation_images/ti2i_benchmark/imagenetr-ti2i/castle/cartoon_17.jpg", "original_prompt": "", "editing_prompt": "an embroidery of a temple"}, "157": {"image_path": "data/annotation_images/ti2i_benchmark/imagenetr-ti2i/castle/cartoon_17.jpg", "original_prompt": "", "editing_prompt": "a photo of a church"}, "158": {"image_path": "data/annotation_images/ti2i_benchmark/imagenetr-ti2i/castle/sculpture_2.jpg", "original_prompt": "", "editing_prompt": "a graffiti of a castle"}, "159": {"image_path": "data/annotation_images/ti2i_benchmark/imagenetr-ti2i/castle/sculpture_2.jpg", "original_prompt": "", "editing_prompt": "a painting of a castle"}, "160": {"image_path": "data/annotation_images/ti2i_benchmark/imagenetr-ti2i/castle/sculpture_2.jpg", "original_prompt": "", "editing_prompt": "a tattoo of a castle"}, "161": {"image_path": "data/annotation_images/ti2i_benchmark/imagenetr-ti2i/castle/sculpture_2.jpg", "original_prompt": "", "editing_prompt": "a deviantart of a church"}, "162": {"image_path": "data/annotation_images/ti2i_benchmark/imagenetr-ti2i/castle/sculpture_2.jpg", "original_prompt": "", "editing_prompt": "a graphic of a pagoda"}, "163": {"image_path": "data/annotation_images/ti2i_benchmark/imagenetr-ti2i/castle/embroidery_2.jpg", "original_prompt": "", "editing_prompt": "a pattern of a castle"}, "164": {"image_path": "data/annotation_images/ti2i_benchmark/imagenetr-ti2i/castle/embroidery_2.jpg", "original_prompt": "", "editing_prompt": "a deviantart of a castle"}, "165": {"image_path": "data/annotation_images/ti2i_benchmark/imagenetr-ti2i/castle/embroidery_2.jpg", "original_prompt": "", "editing_prompt": "a photo of a castle"}, "166": {"image_path": "data/annotation_images/ti2i_benchmark/imagenetr-ti2i/castle/embroidery_2.jpg", "original_prompt": "", "editing_prompt": "a sculpture of a pagoda"}, "167": {"image_path": "data/annotation_images/ti2i_benchmark/imagenetr-ti2i/castle/embroidery_2.jpg", "original_prompt": "", "editing_prompt": "an art of a shrine"}, "168": {"image_path": "data/annotation_images/ti2i_benchmark/imagenetr-ti2i/pizza/sculpture_3.jpg", "original_prompt": "", "editing_prompt": "a tattoo of a pizza"}, "169": {"image_path": "data/annotation_images/ti2i_benchmark/imagenetr-ti2i/pizza/sculpture_3.jpg", "original_prompt": "", "editing_prompt": "a cartoon of a pizza"}, "170": {"image_path": "data/annotation_images/ti2i_benchmark/imagenetr-ti2i/pizza/sculpture_3.jpg", "original_prompt": "", "editing_prompt": "a graffiti of a pizza"}, "171": {"image_path": "data/annotation_images/ti2i_benchmark/imagenetr-ti2i/pizza/sculpture_3.jpg", "original_prompt": "", "editing_prompt": "an image of a baloon"}, "172": {"image_path": "data/annotation_images/ti2i_benchmark/imagenetr-ti2i/pizza/sculpture_3.jpg", "original_prompt": "", "editing_prompt": "an embroidery of a cake"}, "173": {"image_path": "data/annotation_images/ti2i_benchmark/imagenetr-ti2i/pizza/toy_1.jpg", "original_prompt": "", "editing_prompt": "a graffiti of a pizza"}, "174": {"image_path": "data/annotation_images/ti2i_benchmark/imagenetr-ti2i/pizza/toy_1.jpg", "original_prompt": "", "editing_prompt": "an art of a pizza"}, "175": {"image_path": "data/annotation_images/ti2i_benchmark/imagenetr-ti2i/pizza/toy_1.jpg", "original_prompt": "", "editing_prompt": "a sketch of a pizza"}, "176": {"image_path": "data/annotation_images/ti2i_benchmark/imagenetr-ti2i/pizza/toy_1.jpg", "original_prompt": "", "editing_prompt": "a video-game of a cookie"}, "177": {"image_path": "data/annotation_images/ti2i_benchmark/imagenetr-ti2i/pizza/toy_1.jpg", "original_prompt": "", "editing_prompt": "a sketch of a pancake"}, "178": {"image_path": "data/annotation_images/ti2i_benchmark/imagenetr-ti2i/pizza/sketch_5.jpg", "original_prompt": "", "editing_prompt": "an origami of a pizza"}, "179": {"image_path": "data/annotation_images/ti2i_benchmark/imagenetr-ti2i/pizza/sketch_5.jpg", "original_prompt": "", "editing_prompt": "an embroidery of a pizza"}, "180": {"image_path": "data/annotation_images/ti2i_benchmark/imagenetr-ti2i/pizza/sketch_5.jpg", "original_prompt": "", "editing_prompt": "an image of a pizza"}, "181": {"image_path": "data/annotation_images/ti2i_benchmark/imagenetr-ti2i/pizza/sketch_5.jpg", "original_prompt": "", "editing_prompt": "a tattoo of a cake"}, "182": {"image_path": "data/annotation_images/ti2i_benchmark/imagenetr-ti2i/pizza/sketch_5.jpg", "original_prompt": "", "editing_prompt": "a pattern of a pancake"}, "183": {"image_path": "data/annotation_images/ti2i_benchmark/imagenetr-ti2i/violin/painting_16.jpg", "original_prompt": "", "editing_prompt": "a video-game of a violin"}, "184": {"image_path": "data/annotation_images/ti2i_benchmark/imagenetr-ti2i/violin/painting_16.jpg", "original_prompt": "", "editing_prompt": "a sculpture of a violin"}, "185": {"image_path": "data/annotation_images/ti2i_benchmark/imagenetr-ti2i/violin/painting_16.jpg", "original_prompt": "", "editing_prompt": "a toy of a violin"}, "186": {"image_path": "data/annotation_images/ti2i_benchmark/imagenetr-ti2i/violin/painting_16.jpg", "original_prompt": "", "editing_prompt": "an embroidery of a viola"}, "187": {"image_path": "data/annotation_images/ti2i_benchmark/imagenetr-ti2i/violin/painting_16.jpg", "original_prompt": "", "editing_prompt": "a pattern of a cello"}, "188": {"image_path": "data/annotation_images/ti2i_benchmark/imagenetr-ti2i/violin/painting_27.jpg", "original_prompt": "", "editing_prompt": "a toy of a violin"}, "189": {"image_path": "data/annotation_images/ti2i_benchmark/imagenetr-ti2i/violin/painting_27.jpg", "original_prompt": "", "editing_prompt": "a graffiti of a violin"}, "190": {"image_path": "data/annotation_images/ti2i_benchmark/imagenetr-ti2i/violin/painting_27.jpg", "original_prompt": "", "editing_prompt": "an image of a violin"}, "191": {"image_path": "data/annotation_images/ti2i_benchmark/imagenetr-ti2i/violin/painting_27.jpg", "original_prompt": "", "editing_prompt": "a video-game of a guitar"}, "192": {"image_path": "data/annotation_images/ti2i_benchmark/imagenetr-ti2i/violin/painting_27.jpg", "original_prompt": "", "editing_prompt": "an origami of a cello"}, "193": {"image_path": "data/annotation_images/ti2i_benchmark/imagenetr-ti2i/violin/origami_0.jpg", "original_prompt": "", "editing_prompt": "a photo of a violin"}, "194": {"image_path": "data/annotation_images/ti2i_benchmark/imagenetr-ti2i/violin/origami_0.jpg", "original_prompt": "", "editing_prompt": "an image of a violin"}, "195": {"image_path": "data/annotation_images/ti2i_benchmark/imagenetr-ti2i/violin/origami_0.jpg", "original_prompt": "", "editing_prompt": "an art of a violin"}, "196": {"image_path": "data/annotation_images/ti2i_benchmark/imagenetr-ti2i/violin/origami_0.jpg", "original_prompt": "", "editing_prompt": "a pattern of a banjo"}, "197": {"image_path": "data/annotation_images/ti2i_benchmark/imagenetr-ti2i/violin/origami_0.jpg", "original_prompt": "", "editing_prompt": "a toy of a cello"}, "198": {"image_path": "data/annotation_images/ti2i_benchmark/imagenetr-ti2i/panda/sculpture_29.jpg", "original_prompt": "", "editing_prompt": "a graffiti of a panda"}, "199": {"image_path": "data/annotation_images/ti2i_benchmark/imagenetr-ti2i/panda/sculpture_29.jpg", "original_prompt": "", "editing_prompt": "a sketch of a panda"}, "200": {"image_path": "data/annotation_images/ti2i_benchmark/imagenetr-ti2i/panda/sculpture_29.jpg", "original_prompt": "", "editing_prompt": "an origami of a panda"}, "201": {"image_path": "data/annotation_images/ti2i_benchmark/imagenetr-ti2i/panda/sculpture_29.jpg", "original_prompt": "", "editing_prompt": "an art of a bobcat"}, "202": {"image_path": "data/annotation_images/ti2i_benchmark/imagenetr-ti2i/panda/sculpture_29.jpg", "original_prompt": "", "editing_prompt": "a cartoon of a tiger"}, "203": {"image_path": "data/annotation_images/ti2i_benchmark/imagenetr-ti2i/panda/sketch_36.jpg", "original_prompt": "", "editing_prompt": "a video-game of a panda"}, "204": {"image_path": "data/annotation_images/ti2i_benchmark/imagenetr-ti2i/panda/sketch_36.jpg", "original_prompt": "", "editing_prompt": "a pattern of a panda"}, "205": {"image_path": "data/annotation_images/ti2i_benchmark/imagenetr-ti2i/panda/sketch_36.jpg", "original_prompt": "", "editing_prompt": "a tattoo of a panda"}, "206": {"image_path": "data/annotation_images/ti2i_benchmark/imagenetr-ti2i/panda/sketch_36.jpg", "original_prompt": "", "editing_prompt": "an origami of a leopard"}, "207": {"image_path": "data/annotation_images/ti2i_benchmark/imagenetr-ti2i/panda/sketch_36.jpg", "original_prompt": "", "editing_prompt": "a sculpture of a dog"}, "208": {"image_path": "data/annotation_images/ti2i_benchmark/imagenetr-ti2i/hummingbird/embroidery_11.jpg", "original_prompt": "", "editing_prompt": "an art of a hummingbird"}, "209": {"image_path": "data/annotation_images/ti2i_benchmark/imagenetr-ti2i/hummingbird/embroidery_11.jpg", "original_prompt": "", "editing_prompt": "a video-game of a hummingbird"}, "210": {"image_path": "data/annotation_images/ti2i_benchmark/imagenetr-ti2i/hummingbird/embroidery_11.jpg", "original_prompt": "", "editing_prompt": "a toy of a hummingbird"}, "211": {"image_path": "data/annotation_images/ti2i_benchmark/imagenetr-ti2i/hummingbird/embroidery_11.jpg", "original_prompt": "", "editing_prompt": "a deviantart of a pigeon"}, "212": {"image_path": "data/annotation_images/ti2i_benchmark/imagenetr-ti2i/hummingbird/embroidery_11.jpg", "original_prompt": "", "editing_prompt": "a graffiti of a egret"}, "213": {"image_path": "data/annotation_images/ti2i_benchmark/imagenetr-ti2i/hummingbird/cartoon_9.jpg", "original_prompt": "", "editing_prompt": "a pattern of a hummingbird"}, "214": {"image_path": "data/annotation_images/ti2i_benchmark/imagenetr-ti2i/hummingbird/cartoon_9.jpg", "original_prompt": "", "editing_prompt": "a tattoo of a hummingbird"}, "215": {"image_path": "data/annotation_images/ti2i_benchmark/imagenetr-ti2i/hummingbird/cartoon_9.jpg", "original_prompt": "", "editing_prompt": "an image of a hummingbird"}, "216": {"image_path": "data/annotation_images/ti2i_benchmark/imagenetr-ti2i/hummingbird/cartoon_9.jpg", "original_prompt": "", "editing_prompt": "an embroidery of a bustard"}, "217": {"image_path": "data/annotation_images/ti2i_benchmark/imagenetr-ti2i/hummingbird/cartoon_9.jpg", "original_prompt": "", "editing_prompt": "an origami of a crane"}, "218": {"image_path": "data/annotation_images/ti2i_benchmark/imagenetr-ti2i/hummingbird/origami_2.jpg", "original_prompt": "", "editing_prompt": "a sculpture of a hummingbird"}, "219": {"image_path": "data/annotation_images/ti2i_benchmark/imagenetr-ti2i/hummingbird/origami_2.jpg", "original_prompt": "", "editing_prompt": "an image of a hummingbird"}, "220": {"image_path": "data/annotation_images/ti2i_benchmark/imagenetr-ti2i/hummingbird/origami_2.jpg", "original_prompt": "", "editing_prompt": "a pattern of a hummingbird"}, "221": {"image_path": "data/annotation_images/ti2i_benchmark/imagenetr-ti2i/hummingbird/origami_2.jpg", "original_prompt": "", "editing_prompt": "a deviantart of a egret"}, "222": {"image_path": "data/annotation_images/ti2i_benchmark/imagenetr-ti2i/hummingbird/origami_2.jpg", "original_prompt": "", "editing_prompt": "a sketch of a parrot"}}